{
  "lang":"en",
  "name":"pipeline",
  "version":"0.0.0",
  "spacy_version":">=3.6.1,<3.7.0",
  "description":"",
  "author":"",
  "email":"",
  "url":"",
  "license":"",
  "spacy_git_version":"458bc5f45",
  "vectors":{
    "width":0,
    "vectors":0,
    "keys":0,
    "name":null,
    "mode":"default"
  },
  "labels":{
    "tok2vec":[

    ],
    "ner":[
      "ACTION",
      "ANATOMY",
      "BASECONDITION",
      "CAUSED_BY",
      "CONTRAINDICATION",
      "CO_MORBIDITY",
      "CO_PRESCRIPTION",
      "DRUG",
      "EFFECT",
      "FORMULATION",
      "HISTORY",
      "INDICATION",
      "INEFFECTIVE",
      "MECHANISM",
      "MEDICAL_CTX",
      "ROUTE",
      "SALT",
      "SEVERITY",
      "SIDEEFFECT",
      "SYMPTOM",
      "TARGET_GROUP",
      "TEMPORALITY"
    ]
  },
  "pipeline":[
    "tok2vec",
    "ner"
  ],
  "components":[
    "tok2vec",
    "ner"
  ],
  "disabled":[

  ],
  "performance":{
    "ents_f":0.5254072925,
    "ents_p":0.5418,
    "ents_r":0.5099774096,
    "ents_per_type":{
      "DRUG":{
        "p":0.7796188898,
        "r":0.7751235585,
        "f":0.7773647253
      },
      "FORMULATION":{
        "p":0.3762376238,
        "r":0.2657342657,
        "f":0.3114754098
      },
      "ROUTE":{
        "p":0.3008849558,
        "r":0.3953488372,
        "f":0.3417085427
      },
      "ACTION":{
        "p":0.6262295082,
        "r":0.6269146608,
        "f":0.6265718972
      },
      "ANATOMY":{
        "p":0.4373401535,
        "r":0.3653846154,
        "f":0.398137369
      },
      "TARGET_GROUP":{
        "p":0.5547073791,
        "r":0.5505050505,
        "f":0.5525982256
      },
      "INDICATION":{
        "p":0.4153498871,
        "r":0.2734026746,
        "f":0.3297491039
      },
      "BASECONDITION":{
        "p":0.4193103448,
        "r":0.5428571429,
        "f":0.473151751
      },
      "TEMPORALITY":{
        "p":0.1647058824,
        "r":0.1138211382,
        "f":0.1346153846
      },
      "MEDICAL_CTX":{
        "p":0.0921052632,
        "r":0.0813953488,
        "f":0.0864197531
      },
      "MECHANISM":{
        "p":0.5089820359,
        "r":0.5629139073,
        "f":0.534591195
      },
      "EFFECT":{
        "p":0.3119266055,
        "r":0.2857142857,
        "f":0.298245614
      },
      "SEVERITY":{
        "p":0.3035714286,
        "r":0.2266666667,
        "f":0.2595419847
      },
      "CAUSED_BY":{
        "p":0.3974358974,
        "r":0.287037037,
        "f":0.3333333333
      },
      "SYMPTOM":{
        "p":0.7096774194,
        "r":0.55,
        "f":0.6197183099
      },
      "CO_PRESCRIPTION":{
        "p":0.4705882353,
        "r":0.380952381,
        "f":0.4210526316
      },
      "CONTRAINDICATION":{
        "p":0.2413793103,
        "r":0.2089552239,
        "f":0.224
      },
      "SIDEEFFECT":{
        "p":0.75,
        "r":0.2307692308,
        "f":0.3529411765
      },
      "SALT":{
        "p":0.3,
        "r":0.2727272727,
        "f":0.2857142857
      },
      "CO_MORBIDITY":{
        "p":0.0,
        "r":0.0,
        "f":0.0
      },
      "INEFFECTIVE":{
        "p":0.0,
        "r":0.0,
        "f":0.0
      },
      "HISTORY":{
        "p":0.0,
        "r":0.0,
        "f":0.0
      }
    },
    "tok2vec_loss":17342.0360458243,
    "ner_loss":17867.2770143884
  }
}