{
  "lang":"en",
  "name":"pipeline",
  "version":"0.0.0",
  "spacy_version":">=3.6.1,<3.7.0",
  "description":"",
  "author":"",
  "email":"",
  "url":"",
  "license":"",
  "spacy_git_version":"458bc5f45",
  "vectors":{
    "width":0,
    "vectors":0,
    "keys":0,
    "name":null,
    "mode":"default"
  },
  "labels":{
    "tok2vec":[

    ],
    "ner":[
      "ACTION",
      "ANATOMY",
      "BASECONDITION",
      "CAUSED_BY",
      "CONTRAINDICATION",
      "CO_MORBIDITY",
      "CO_PRESCRIPTION",
      "DRUG",
      "EFFECT",
      "FORMULATION",
      "HISTORY",
      "INDICATION",
      "INEFFECTIVE",
      "MECHANISM",
      "MEDICAL_CTX",
      "ROUTE",
      "SALT",
      "SEVERITY",
      "SIDEEFFECT",
      "SYMPTOM",
      "TARGET_GROUP",
      "TEMPORALITY"
    ]
  },
  "pipeline":[
    "tok2vec",
    "ner"
  ],
  "components":[
    "tok2vec",
    "ner"
  ],
  "disabled":[

  ],
  "performance":{
    "ents_f":0.5429486557,
    "ents_p":0.5604087357,
    "ents_r":0.5265436747,
    "ents_per_type":{
      "DRUG":{
        "p":0.7817883511,
        "r":0.7850082372,
        "f":0.7833949856
      },
      "FORMULATION":{
        "p":0.4324324324,
        "r":0.3356643357,
        "f":0.3779527559
      },
      "ROUTE":{
        "p":0.329787234,
        "r":0.3604651163,
        "f":0.3444444444
      },
      "ACTION":{
        "p":0.6241900648,
        "r":0.6323851204,
        "f":0.6282608696
      },
      "ANATOMY":{
        "p":0.3901918977,
        "r":0.391025641,
        "f":0.3906083244
      },
      "TARGET_GROUP":{
        "p":0.5515021459,
        "r":0.648989899,
        "f":0.596287703
      },
      "INDICATION":{
        "p":0.4429530201,
        "r":0.294205052,
        "f":0.3535714286
      },
      "BASECONDITION":{
        "p":0.5047801147,
        "r":0.4714285714,
        "f":0.487534626
      },
      "TEMPORALITY":{
        "p":0.2121212121,
        "r":0.1138211382,
        "f":0.1481481481
      },
      "MEDICAL_CTX":{
        "p":0.0961538462,
        "r":0.0581395349,
        "f":0.0724637681
      },
      "MECHANISM":{
        "p":0.4825870647,
        "r":0.642384106,
        "f":0.5511363636
      },
      "EFFECT":{
        "p":0.4111111111,
        "r":0.3109243697,
        "f":0.3540669856
      },
      "SEVERITY":{
        "p":0.3625,
        "r":0.3866666667,
        "f":0.3741935484
      },
      "CAUSED_BY":{
        "p":0.4680851064,
        "r":0.4074074074,
        "f":0.4356435644
      },
      "SYMPTOM":{
        "p":0.52,
        "r":0.325,
        "f":0.4
      },
      "CO_PRESCRIPTION":{
        "p":0.4,
        "r":0.3333333333,
        "f":0.3636363636
      },
      "CONTRAINDICATION":{
        "p":0.3880597015,
        "r":0.3880597015,
        "f":0.3880597015
      },
      "SIDEEFFECT":{
        "p":0.5,
        "r":0.2307692308,
        "f":0.3157894737
      },
      "SALT":{
        "p":0.2142857143,
        "r":0.2727272727,
        "f":0.24
      },
      "INEFFECTIVE":{
        "p":0.0,
        "r":0.0,
        "f":0.0
      },
      "CO_MORBIDITY":{
        "p":0.0,
        "r":0.0,
        "f":0.0
      },
      "HISTORY":{
        "p":0.0,
        "r":0.0,
        "f":0.0
      }
    },
    "tok2vec_loss":16976.591697247,
    "ner_loss":18997.0618554858
  }
}