{
  "lang":"en",
  "name":"pipeline",
  "version":"0.0.0",
  "spacy_version":">=3.6.0,<3.7.0",
  "description":"",
  "author":"",
  "email":"",
  "url":"",
  "license":"",
  "spacy_git_version":"6fc153a26",
  "vectors":{
    "width":0,
    "vectors":0,
    "keys":0,
    "name":null,
    "mode":"default"
  },
  "labels":{
    "tok2vec":[

    ],
    "ner":[
      "ACTION",
      "ADJUNCT_TO",
      "ANATOMY",
      "BASECONDITION",
      "CAUSED_BY",
      "CONDITION",
      "CONTRAINDICATION",
      "CO_MORBIDITY",
      "CO_PRESCRIPTION",
      "DRUG",
      "EFFECT",
      "FORMULATION",
      "INEFFECTIVE",
      "MECHANISM",
      "MEDICAL_CTX",
      "ROUTE",
      "SEVERITY",
      "SYMPTOM",
      "TARGET_GROUP",
      "TEMPORALITY"
    ]
  },
  "pipeline":[
    "tok2vec",
    "ner"
  ],
  "components":[
    "tok2vec",
    "ner"
  ],
  "disabled":[

  ],
  "performance":{
    "ents_f":0.7121588089,
    "ents_p":0.7473958333,
    "ents_r":0.6800947867,
    "ents_per_type":{
      "DRUG":{
        "p":0.8507462687,
        "r":0.8382352941,
        "f":0.8444444444
      },
      "FORMULATION":{
        "p":0.8888888889,
        "r":0.8421052632,
        "f":0.8648648649
      },
      "ACTION":{
        "p":0.8208955224,
        "r":0.6875,
        "f":0.7482993197
      },
      "CONDITION":{
        "p":0.5769230769,
        "r":0.6164383562,
        "f":0.5960264901
      },
      "CO_PRESCRIPTION":{
        "p":0.0,
        "r":0.0,
        "f":0.0
      },
      "SEVERITY":{
        "p":0.5,
        "r":0.8571428571,
        "f":0.6315789474
      },
      "ADJUNCT_TO":{
        "p":0.0,
        "r":0.0,
        "f":0.0
      },
      "TARGET_GROUP":{
        "p":0.8409090909,
        "r":0.880952381,
        "f":0.8604651163
      },
      "BASECONDITION":{
        "p":0.8636363636,
        "r":0.5428571429,
        "f":0.6666666667
      },
      "MECHANISM":{
        "p":0.7777777778,
        "r":0.6666666667,
        "f":0.7179487179
      },
      "MEDICAL_CTX":{
        "p":0.5,
        "r":0.1428571429,
        "f":0.2222222222
      },
      "CONTRAINDICATION":{
        "p":0.4,
        "r":0.3333333333,
        "f":0.3636363636
      },
      "EFFECT":{
        "p":0.5714285714,
        "r":0.4,
        "f":0.4705882353
      },
      "CAUSED_BY":{
        "p":0.8,
        "r":1.0,
        "f":0.8888888889
      },
      "TEMPORALITY":{
        "p":0.0,
        "r":0.0,
        "f":0.0
      },
      "ROUTE":{
        "p":1.0,
        "r":0.6666666667,
        "f":0.8
      },
      "INEFFECTIVE":{
        "p":1.0,
        "r":0.3333333333,
        "f":0.5
      },
      "ANATOMY":{
        "p":0.5,
        "r":0.6666666667,
        "f":0.5714285714
      },
      "CO_MORBIDITY":{
        "p":0.0,
        "r":0.0,
        "f":0.0
      },
      "SYMPTOM":{
        "p":0.0,
        "r":0.0,
        "f":0.0
      }
    },
    "tok2vec_loss":1442.3864133991,
    "ner_loss":2288.0042303032
  }
}